{
  "loss": [
    0.0003882584860548377,
    0.0004099172365386039,
    0.0003443520108703524,
    0.0003509051457513124,
    0.0003334475914016366,
    0.00025129615096375346,
    0.00026111784973181784,
    0.00027021043933928013,
    0.00023834440798964351,
    0.00026628022897057235
  ],
  "val_loss": [
    8.588765194872394e-05,
    7.114189065760002e-05,
    8.355618774658069e-05,
    6.558049062732607e-05,
    4.8897221859078854e-05,
    4.853888458455913e-05,
    5.405375122791156e-05,
    5.012854308006354e-05,
    4.979936420568265e-05,
    5.35988001502119e-05
  ],
  "accuracy": [
    0.999992847442627,
    0.9999856948852539,
    1.0,
    1.0,
    1.0,
    1.0,
    1.0,
    1.0,
    1.0,
    1.0
  ],
  "val_accuracy": [
    1.0,
    1.0,
    1.0,
    1.0,
    1.0,
    1.0,
    1.0,
    1.0,
    1.0,
    1.0
  ]
}